reward,action_name,solar_kw,load_kw,grid_kw,battery_power_kw,soc_pct,cost_inr,violation
-6.043365999999999,idle,47.313,76.863,29.549999999999997,0.0,55.00000000000001,165.47999999999996,False
-8.497576666666665,idle,39.405,78.863,39.458,0.0,55.00000000000001,220.96479999999997,False
-12.924985999999999,idle,20.873,77.876,57.003,0.0,55.00000000000001,319.2168,False
-18.059867999999994,idle,6.424,84.319,77.895,0.0,55.00000000000001,436.21199999999993,False
-37.28433333333333,idle,0.0,84.1,84.1,0.0,55.00000000000001,773.7199999999999,False
-39.347606666666664,idle,0.0,88.754,88.754,0.0,55.00000000000001,816.5368,False
-44.07398333333333,idle,0.0,99.415,99.415,0.0,55.00000000000001,914.6179999999999,False
-41.917609999999996,idle,0.0,94.551,94.551,0.0,55.00000000000001,869.8692,False
-8.387383333333334,idle,0.0,77.422,77.422,0.0,55.00000000000001,201.2972,False
-6.835616666666667,idle,0.0,63.098,63.098,0.0,55.00000000000001,164.0548,False
-5.483291666666667,idle,0.0,50.615,50.615,0.0,55.00000000000001,131.59900000000002,False
-5.187216666666667,idle,0.0,47.882,47.882,0.0,55.00000000000001,124.4932,False
-5.393916666666667,idle,0.0,49.79,49.79,0.0,55.00000000000001,129.454,False
-4.823433333333333,idle,0.0,44.524,44.524,0.0,55.00000000000001,115.7624,False
-4.999041666666668,idle,0.0,46.145,46.145,0.0,55.00000000000001,119.97700000000002,False
-6.5361959999999995,idle,0.878,61.358,60.48,0.0,55.00000000000001,157.248,False
-12.530172666666665,idle,11.683,66.285,54.602,0.0,55.00000000000001,305.77119999999996,False
-10.434761333333332,idle,29.304,76.285,46.980999999999995,0.0,55.00000000000001,263.0936,False
-6.9820379999999975,idle,49.609,83.359,33.74999999999999,0.0,55.00000000000001,188.99999999999994,False
-4.887087333333335,idle,55.797,81.046,25.24900000000001,0.0,55.00000000000001,141.39440000000005,False
-0.8488433333333354,idle,66.255,75.004,8.74900000000001,0.0,55.00000000000001,48.99440000000005,False
-1.2193146666666654,idle,58.714,68.469,9.754999999999995,0.0,55.00000000000001,54.62799999999997,False
-4.198127333333332,idle,44.917,66.374,21.456999999999994,0.0,55.00000000000001,120.15919999999996,False
-4.557934666666667,idle,47.924,71.155,23.231,0.0,55.00000000000001,130.0936,False
-5.766527333333331,idle,42.017,69.972,27.95499999999999,0.0,55.00000000000001,156.54799999999994,False
-12.075253999999997,idle,21.997,75.445,53.44799999999999,0.0,55.00000000000001,299.30879999999996,False
-13.857409333333331,idle,12.018,72.334,60.316,0.0,55.00000000000001,337.76959999999997,False
-17.088854666666666,idle,3.734,77.26,73.52600000000001,0.0,55.00000000000001,411.7456,False
-37.68466333333333,idle,0.0,85.003,85.003,0.0,55.00000000000001,782.0275999999999,False
-43.53932333333333,idle,0.0,98.209,98.209,0.0,55.00000000000001,903.5228,False
-45.73559666666666,idle,0.0,103.163,103.163,0.0,55.00000000000001,949.0995999999999,False
-42.489066666666666,idle,0.0,95.84,95.84,0.0,55.00000000000001,881.728,False
-8.346000000000002,idle,0.0,77.04,77.04,0.0,55.00000000000001,200.30400000000003,False
-7.166250000000001,idle,0.0,66.15,66.15,0.0,55.00000000000001,171.99,False
-4.984850000000001,idle,0.0,46.014,46.014,0.0,55.00000000000001,119.63640000000001,False
-5.340508333333333,idle,0.0,49.297,49.297,0.0,55.00000000000001,128.1722,False
-4.910533333333334,idle,0.0,45.328,45.328,0.0,55.00000000000001,117.85280000000002,False
-4.494750000000001,idle,0.0,41.49,41.49,0.0,55.00000000000001,107.87400000000001,False
-5.5224,idle,0.0,50.976,50.976,0.0,55.00000000000001,132.5376,False
-6.242381000000001,idle,0.608,58.331,57.723000000000006,0.0,55.00000000000001,150.07980000000003,False
-13.867534666666668,idle,8.124,68.183,60.059000000000005,0.0,55.00000000000001,336.3304,False
-14.037439333333333,idle,18.933,80.554,61.621,0.0,55.00000000000001,345.0776,False
-11.807673333333334,idle,31.82,84.879,53.059000000000005,0.0,55.00000000000001,297.1304,False
-7.914279999999999,idle,43.24,80.494,37.254,0.0,55.00000000000001,208.62239999999997,False
-5.948108666666664,idle,48.081,77.282,29.200999999999993,0.0,55.00000000000001,163.52559999999994,False
-3.045690666666667,idle,54.082,71.307,17.225,0.0,55.00000000000001,96.46000000000001,False
-5.841353333333334,idle,54.31,83.534,29.224000000000004,0.0,55.00000000000001,163.6544,False
-5.103502666666666,idle,50.748,76.535,25.787,0.0,55.00000000000001,144.4072,False
-4.424408666666666,idle,47.681,70.321,22.64,0.0,55.00000000000001,126.78399999999999,False
-7.554954666666665,idle,35.734,70.869,35.135,0.0,55.00000000000001,196.75599999999997,False
-13.571190666666665,idle,18.482,78.07,59.587999999999994,0.0,55.00000000000001,333.6927999999999,False
-17.28157933333333,idle,4.953,79.399,74.446,0.0,55.00000000000001,416.89759999999995,False
-38.196713333333335,idle,0.0,86.158,86.158,0.0,55.00000000000001,792.6536,False
-44.01457666666666,idle,0.0,99.281,99.281,0.0,55.00000000000001,913.3851999999999,False
-45.230639999999994,idle,0.0,102.024,102.024,0.0,55.00000000000001,938.6207999999999,False
-36.915036666666666,idle,0.0,83.267,83.267,0.0,55.00000000000001,766.0563999999999,False
-7.994458333333334,idle,0.0,73.795,73.795,0.0,55.00000000000001,191.86700000000002,False
-6.710491666666666,idle,0.0,61.943,61.943,0.0,55.00000000000001,161.0518,False
-4.848566666666667,idle,0.0,44.756,44.756,0.0,55.00000000000001,116.3656,False
-5.14995,idle,0.0,47.538,47.538,0.0,55.00000000000001,123.5988,False
-5.546341666666667,idle,0.0,51.197,51.197,0.0,55.00000000000001,133.1122,False
-5.079966666666667,idle,0.0,46.892,46.892,0.0,55.00000000000001,121.91920000000002,False
-5.030133333333334,idle,0.0,46.432,46.432,0.0,55.00000000000001,120.7232,False
-6.136591666666667,idle,0.25,56.937,56.687,0.0,55.00000000000001,147.3862,False
-14.079746666666667,idle,4.19,64.855,60.665000000000006,0.0,55.00000000000001,339.724,False
-15.332269333333333,idle,11.398,77.987,66.589,0.0,55.00000000000001,372.8984,False
-14.056154666666668,idle,22.534,84.513,61.979000000000006,0.0,55.00000000000001,347.0824,False
-11.276575999999999,idle,39.768,91.164,51.396,0.0,55.00000000000001,287.81759999999997,False
-4.969538666666667,idle,45.046,69.819,24.773000000000003,0.0,55.00000000000001,138.7288,False
-2.699104000000001,idle,56.122,72.019,15.897000000000006,0.0,55.00000000000001,89.02320000000003,False
-4.730456666666665,idle,48.295,72.294,23.998999999999995,0.0,55.00000000000001,134.39439999999996,False
-4.565486000000001,idle,46.623,69.786,23.163000000000004,0.0,55.00000000000001,129.71280000000002,False
-8.036932666666669,idle,37.813,75.174,37.361000000000004,0.0,55.00000000000001,209.22160000000002,False
-10.67481533333333,idle,26.001,73.756,47.754999999999995,0.0,55.00000000000001,267.42799999999994,False
-12.651469333333331,idle,15.198,70.591,55.392999999999994,0.0,55.00000000000001,310.20079999999996,False
-16.664262666666666,idle,4.028,75.757,71.729,0.0,55.00000000000001,401.6824,False
-38.65822333333333,idle,0.0,87.199,87.199,0.0,55.00000000000001,802.2307999999999,False
-43.41563333333333,idle,0.0,97.93,97.93,0.0,55.00000000000001,900.956,False
-44.85912666666667,idle,0.0,101.186,101.186,0.0,55.00000000000001,930.9112,False
-40.90725333333333,idle,0.0,92.272,92.272,0.0,55.00000000000001,848.9024,False
-8.450975000000001,idle,0.0,78.009,78.009,0.0,55.00000000000001,202.82340000000002,False
-7.039825,idle,0.0,64.983,64.983,0.0,55.00000000000001,168.9558,False
-4.540683333333334,idle,0.0,41.914,41.914,0.0,55.00000000000001,108.97640000000001,False
-4.6787,idle,0.0,43.188,43.188,0.0,55.00000000000001,112.28880000000001,False
-4.469616666666667,idle,0.0,41.258,41.258,0.0,55.00000000000001,107.27080000000001,False
-5.543308333333333,idle,0.0,51.169,51.169,0.0,55.00000000000001,133.0394,False
-5.5451500000000005,idle,0.0,51.186,51.186,0.0,55.00000000000001,133.08360000000002,False
-6.163303666666667,idle,0.716,57.727,57.010999999999996,0.0,55.00000000000001,148.2286,False
-11.522779333333332,idle,11.053,61.289,50.236000000000004,0.0,55.00000000000001,281.3216,False
-13.231554,idle,26.397,85.14,58.743,0.0,55.00000000000001,328.9608,False
-8.34648866666667,idle,44.221,83.403,39.18200000000001,0.0,55.00000000000001,219.41920000000005,False
-5.287756000000003,idle,56.858,83.906,27.04800000000001,0.0,55.00000000000001,151.46880000000004,False
-4.097322666666666,idle,58.308,80.366,22.058,0.0,55.00000000000001,123.52479999999998,False
0.03351933333333457,idle,64.927,69.792,4.864999999999995,0.0,55.00000000000001,27.24399999999997,False
-0.21543800000000313,idle,65.109,71.055,5.946000000000012,0.0,55.00000000000001,33.29760000000007,False
-3.727549333333334,idle,55.038,75.259,20.221000000000004,0.0,55.00000000000001,113.23760000000001,False
-6.9292679999999995,idle,52.074,85.788,33.714,0.0,55.00000000000001,188.7984,False
-8.869322666666667,idle,35.708,76.474,40.766000000000005,0.0,55.00000000000001,228.2896,False
-13.910377333333333,idle,19.342,80.45,61.108000000000004,0.0,55.00000000000001,342.2048,False
-17.240275999999998,idle,6.418,80.8,74.38199999999999,0.0,55.00000000000001,416.53919999999994,False
-39.00313666666666,idle,0.0,87.977,87.977,0.0,55.00000000000001,809.3883999999999,False
-41.70259333333333,idle,0.0,94.066,94.066,0.0,55.00000000000001,865.4072,False
-46.31946666666666,idle,0.0,104.48,104.48,0.0,55.00000000000001,961.216,False
-38.54650333333333,idle,0.0,86.947,86.947,0.0,55.00000000000001,799.9123999999999,False
-8.872825,idle,0.0,81.903,81.903,0.0,55.00000000000001,212.94780000000003,False
-6.737033333333334,idle,0.0,62.188,62.188,0.0,55.00000000000001,161.68880000000001,False
-3.3183583333333337,idle,0.0,30.631,30.631,0.0,55.00000000000001,79.6406,False
-4.25945,idle,0.0,39.318,39.318,0.0,55.00000000000001,102.2268,False
-4.701125,idle,0.0,43.395,43.395,0.0,55.00000000000001,112.82700000000001,False
-4.452175,idle,0.0,41.097,41.097,0.0,55.00000000000001,106.85220000000001,False
-5.02905,idle,0.0,46.422,46.422,0.0,55.00000000000001,120.6972,False
-4.822096,idle,1.278,46.002,44.724000000000004,0.0,55.00000000000001,116.28240000000001,False
-9.069154666666666,idle,13.134,53.015,39.881,0.0,55.00000000000001,223.3336,False
-11.502465333333333,idle,29.876,81.477,51.601,0.0,55.00000000000001,288.9656,False
-4.941260666666666,idle,51.167,76.291,25.123999999999995,0.0,55.00000000000001,140.69439999999997,False
-2.2690073333333327,idle,61.557,76.03,14.472999999999999,0.0,55.00000000000001,81.04879999999999,False
-2.2360833333333336,idle,62.025,76.393,14.368000000000002,0.0,55.00000000000001,80.4608,False
0.32512200000000024,idle,61.229,64.559,3.3299999999999983,0.0,55.00000000000001,18.64799999999999,False
-1.439980666666667,idle,56.177,66.682,10.505000000000003,0.0,55.00000000000001,58.82800000000001,False
-3.1094073333333325,idle,48.157,65.198,17.040999999999997,0.0,55.00000000000001,95.42959999999998,False
-3.943366,idle,39.263,59.192,19.929000000000002,0.0,55.00000000000001,111.6024,False
-6.458981333333334,idle,29.564,59.526,29.962000000000003,0.0,55.00000000000001,167.7872,False
-11.03759333333333,idle,15.53,64.032,48.501999999999995,0.0,55.00000000000001,271.61119999999994,False
-15.916787333333332,idle,5.097,73.705,68.608,0.0,55.00000000000001,384.2048,False
-34.96126666666666,idle,0.0,78.86,78.86,0.0,55.00000000000001,725.512,False
-35.63956666666667,idle,0.0,80.39,80.39,0.0,55.00000000000001,739.588,False
-34.73428,idle,0.0,78.348,78.348,0.0,55.00000000000001,720.8015999999999,False
-37.332213333333335,idle,0.0,84.208,84.208,0.0,55.00000000000001,774.7135999999999,False
-7.292783333333333,idle,0.0,67.318,67.318,0.0,55.00000000000001,175.0268,False
-6.344541666666667,idle,0.0,58.565,58.565,0.0,55.00000000000001,152.269,False
-4.036283333333334,idle,0.0,37.258,37.258,0.0,55.00000000000001,96.87080000000002,False
-4.571125,idle,0.0,42.195,42.195,0.0,55.00000000000001,109.70700000000001,False
-4.81585,idle,0.0,44.454,44.454,0.0,55.00000000000001,115.58040000000001,False
-4.401041666666667,idle,0.0,40.625,40.625,0.0,55.00000000000001,105.625,False
-4.6221499999999995,idle,0.0,42.666,42.666,0.0,55.00000000000001,110.93159999999999,False
-5.221486333333334,idle,0.979,49.34,48.361000000000004,0.0,55.00000000000001,125.73860000000002,False
-10.850913999999998,idle,12.977,60.482,47.504999999999995,0.0,55.00000000000001,266.02799999999996,False
-8.470377999999998,idle,31.129,69.832,38.70299999999999,0.0,55.00000000000001,216.73679999999993,False
-5.393581333333334,idle,52.314,79.465,27.151000000000003,0.0,55.00000000000001,152.0456,False
-4.837135999999997,idle,47.398,71.785,24.386999999999993,0.0,55.00000000000001,136.56719999999996,False
1.1098799999999998,idle,63.838,61.66,0.0,0.0,55.00000000000001,0.0,False
-0.35300533333333384,idle,62.146,68.453,6.307000000000002,0.0,55.00000000000001,35.31920000000001,False
1.0553219999999999,idle,77.202,58.629,0.0,0.0,55.00000000000001,0.0,False
1.077012,idle,63.537,59.834,0.0,0.0,55.00000000000001,0.0,False
-0.366390666666667,idle,56.632,62.571,5.939,0.0,55.00000000000001,33.2584,False
-3.3190713333333326,idle,45.609,63.352,17.742999999999995,0.0,55.00000000000001,99.36079999999997,False
-8.294581999999998,idle,24.951,62.424,37.473,0.0,55.00000000000001,209.84879999999998,False
-13.897110666666665,idle,7.142,67.252,60.10999999999999,0.0,55.00000000000001,336.61599999999993,False
-33.45659333333332,idle,0.0,75.466,75.466,0.0,55.00000000000001,694.2871999999999,False
-37.92317666666666,idle,0.0,85.541,85.541,0.0,55.00000000000001,786.9771999999999,False
-35.24943333333333,idle,0.0,79.51,79.51,0.0,55.00000000000001,731.492,False
-38.557143333333336,idle,0.0,86.971,86.971,0.0,55.00000000000001,800.1332,False
-7.136675,idle,0.0,65.877,65.877,0.0,55.00000000000001,171.2802,False
-6.032541666666667,idle,0.0,55.685,55.685,0.0,55.00000000000001,144.781,False
-4.3991999999999996,idle,0.0,40.608,40.608,0.0,55.00000000000001,105.5808,False
-4.86265,idle,0.0,44.886,44.886,0.0,55.00000000000001,116.70360000000001,False
-4.854416666666667,idle,0.0,44.81,44.81,0.0,55.00000000000001,116.50600000000001,False
-5.763875,idle,0.0,53.205,53.205,0.0,55.00000000000001,138.333,False
-5.2273000000000005,idle,0.0,48.252,48.252,0.0,55.00000000000001,125.4552,False
-6.225884333333334,idle,1.043,58.686,57.643,0.0,55.00000000000001,149.8718,False
-11.262440666666667,idle,14.757,64.163,49.406,0.0,55.00000000000001,276.67359999999996,False
-8.979691999999998,idle,36.356,77.645,41.288999999999994,0.0,55.00000000000001,231.21839999999995,False
-4.3737173333333335,idle,61.762,85.271,23.509,0.0,55.00000000000001,131.6504,False
-1.0437266666666687,idle,77.88,88.361,10.481000000000009,0.0,55.00000000000001,58.693600000000046,False
1.2958739999999997,idle,83.272,71.993,0.0,0.0,55.00000000000001,0.0,False
1.2407039999999998,idle,95.597,68.928,0.0,0.0,55.00000000000001,0.0,False
1.1780639999999998,idle,84.81,65.448,0.0,0.0,55.00000000000001,0.0,False
1.2447719999999998,idle,86.784,69.154,0.0,0.0,55.00000000000001,0.0,False
1.2682799999999999,idle,72.388,70.46,0.0,0.0,55.00000000000001,0.0,False
-4.672283333333335,idle,43.425,66.799,23.37400000000001,0.0,55.00000000000001,130.89440000000005,False
-10.49363,idle,23.065,69.817,46.751999999999995,0.0,55.00000000000001,261.8112,False
-14.449692,idle,6.906,69.366,62.46,0.0,55.00000000000001,349.776,False
-37.30605666666667,idle,0.0,84.149,84.149,0.0,55.00000000000001,774.1708,False
-45.57245,idle,0.0,102.795,102.795,0.0,55.00000000000001,945.7139999999999,False
-45.77549666666667,idle,0.0,103.253,103.253,0.0,55.00000000000001,949.9276,False
-41.64894999999999,idle,0.0,93.945,93.945,0.0,55.00000000000001,864.2939999999999,False
-8.006266666666667,idle,0.0,73.904,73.904,0.0,55.00000000000001,192.1504,False
-6.208258333333333,idle,0.0,57.307,57.307,0.0,55.00000000000001,148.9982,False
-4.617166666666667,idle,0.0,42.62,42.62,0.0,55.00000000000001,110.812,False
-5.1108416666666665,idle,0.0,47.177,47.177,0.0,55.00000000000001,122.6602,False
-5.524674999999999,idle,0.0,50.997,50.997,0.0,55.00000000000001,132.5922,False
-5.625208333333333,idle,0.0,51.925,51.925,0.0,55.00000000000001,135.005,False
-5.754450000000001,idle,0.0,53.118,53.118,0.0,55.00000000000001,138.10680000000002,False
-5.704497000000001,idle,1.096,53.935,52.839,0.0,55.00000000000001,137.3814,False
-11.591139333333333,idle,15.733,66.623,50.89,0.0,55.00000000000001,284.984,False
-8.057842,idle,39.931,77.545,37.614000000000004,0.0,55.00000000000001,210.63840000000002,False
-3.240099333333333,idle,65.863,84.83,18.967,0.0,55.00000000000001,106.21519999999998,False
-0.15689533333333539,idle,84.591,91.789,7.1980000000000075,0.0,55.00000000000001,40.30880000000004,False
1.3086719999999998,idle,98.512,72.704,0.0,0.0,55.00000000000001,0.0,False
1.318302,idle,101.582,73.239,0.0,0.0,55.00000000000001,0.0,False
1.3913280000000001,idle,102.793,77.296,0.0,0.0,55.00000000000001,0.0,False
1.238346,idle,88.627,68.797,0.0,0.0,55.00000000000001,0.0,False
1.0222426666666657,idle,71.232,72.346,1.1140000000000043,0.0,55.00000000000001,6.2384000000000235,False
-3.9375813333333305,idle,51.264,72.094,20.82999999999999,0.0,55.00000000000001,116.64799999999994,False
-10.85294133333333,idle,24.194,72.573,48.37899999999999,0.0,55.00000000000001,270.9223999999999,False
-14.704972000000001,idle,6.646,70.18,63.534000000000006,0.0,55.00000000000001,355.79040000000003,False
-39.370216666666664,idle,0.0,88.805,88.805,0.0,55.00000000000001,817.006,False
-44.26018333333332,idle,0.0,99.835,99.835,0.0,55.00000000000001,918.4819999999999,False
-45.509496666666664,idle,0.0,102.653,102.653,0.0,55.00000000000001,944.4076,False
-39.689859999999996,idle,0.0,89.526,89.526,0.0,55.00000000000001,823.6391999999998,False
-8.366583333333335,idle,0.0,77.23,77.23,0.0,55.00000000000001,200.79800000000003,False
-6.403583333333334,idle,0.0,59.11,59.11,0.0,55.00000000000001,153.686,False
-4.871641666666667,idle,0.0,44.969,44.969,0.0,55.00000000000001,116.91940000000001,False
-5.888891666666667,idle,0.0,54.359,54.359,0.0,55.00000000000001,141.3334,False
-5.18115,idle,0.0,47.826,47.826,0.0,55.00000000000001,124.3476,False
-4.79635,idle,0.0,44.274,44.274,0.0,55.00000000000001,115.11240000000001,False
-5.554250000000001,idle,0.0,51.27,51.27,0.0,55.00000000000001,133.30200000000002,False
-5.4579113333333344,idle,1.079,51.639,50.56,0.0,55.00000000000001,131.45600000000002,False
-10.544759333333335,idle,15.843,62.257,46.414,0.0,55.00000000000001,259.9184,False
-7.453252666666664,idle,40.023,75.053,35.029999999999994,0.0,55.00000000000001,196.16799999999995,False
-3.610551333333334,idle,63.599,83.979,20.380000000000003,0.0,55.00000000000001,114.128,False
0.28192466666666616,idle,82.681,87.851,5.170000000000002,0.0,55.00000000000001,28.95200000000001,False
1.454544,idle,89.663,80.808,0.0,0.0,55.00000000000001,0.0,False
1.3632659999999999,idle,97.383,75.737,0.0,0.0,55.00000000000001,0.0,False
1.228338,idle,90.861,68.241,0.0,0.0,55.00000000000001,0.0,False
-1.554031333333331,idle,79.539,92.335,12.795999999999992,0.0,55.00000000000001,71.65759999999995,False
-0.42741599999999846,idle,66.438,73.395,6.956999999999994,0.0,55.00000000000001,38.95919999999996,False
-4.802294666666668,idle,45.704,69.811,24.107000000000006,0.0,55.00000000000001,134.99920000000003,False
-10.214720666666663,idle,25.247,70.972,45.724999999999994,0.0,55.00000000000001,256.05999999999995,False
-16.527589333333335,idle,6.708,78.058,71.35000000000001,0.0,55.00000000000001,399.56,False
-38.335476666666665,idle,0.0,86.471,86.471,0.0,55.00000000000001,795.5332,False
-44.025216666666665,idle,0.0,99.305,99.305,0.0,55.00000000000001,913.606,False
-47.61976333333333,idle,0.0,107.413,107.413,0.0,55.00000000000001,988.1995999999999,False
-41.10941333333332,idle,0.0,92.728,92.728,0.0,55.00000000000001,853.0975999999998,False
-8.841299999999999,idle,0.0,81.612,81.612,0.0,55.00000000000001,212.19119999999998,False
-7.001583333333333,idle,0.0,64.63,64.63,0.0,55.00000000000001,168.03799999999998,False
-4.488033333333333,idle,0.0,41.428,41.428,0.0,55.00000000000001,107.7128,False
-4.69625,idle,0.0,43.35,43.35,0.0,55.00000000000001,112.71000000000001,False
-4.857991666666667,idle,0.0,44.843,44.843,0.0,55.00000000000001,116.5918,False
-4.931441666666667,idle,0.0,45.521,45.521,0.0,55.00000000000001,118.3546,False
-5.44765,idle,0.0,50.286,50.286,0.0,55.00000000000001,130.74360000000001,False
-6.189823666666667,idle,0.976,58.275,57.299,0.0,55.00000000000001,148.97740000000002,False
-13.328845999999999,idle,12.553,70.645,58.092,0.0,55.00000000000001,325.31519999999995,False
-10.568141999999998,idle,31.681,79.417,47.736000000000004,0.0,55.00000000000001,267.3216,False
-6.423061333333333,idle,52.404,83.974,31.57,0.0,55.00000000000001,176.792,False
-0.7322266666666668,idle,68.08,76.47,8.39,0.0,55.00000000000001,46.984,False
1.395612,idle,79.307,77.534,0.0,0.0,55.00000000000001,0.0,False
1.2923459999999998,idle,81.968,71.797,0.0,0.0,55.00000000000001,0.0,False
1.268694,idle,75.545,70.483,0.0,0.0,55.00000000000001,0.0,False
-0.9843886666666664,idle,67.721,77.164,9.442999999999998,0.0,55.00000000000001,52.88079999999999,False
-3.1500753333333344,idle,56.281,74.123,17.842000000000006,0.0,55.00000000000001,99.91520000000003,False
-8.320603333333334,idle,33.785,72.051,38.266000000000005,0.0,55.00000000000001,214.2896,False
-11.333254666666665,idle,17.084,66.973,49.888999999999996,0.0,55.00000000000001,279.37839999999994,False
-16.290631333333334,idle,4.939,75.137,70.19800000000001,0.0,55.00000000000001,393.10880000000003,False
-38.730486666666664,idle,0.0,87.362,87.362,0.0,55.00000000000001,803.7303999999999,False
-42.497933333333336,idle,0.0,95.86,95.86,0.0,55.00000000000001,881.9119999999999,False
-45.953716666666665,idle,0.0,103.655,103.655,0.0,55.00000000000001,953.626,False
-41.990759999999995,idle,0.0,94.716,94.716,0.0,55.00000000000001,871.3871999999999,False
-8.001175,idle,0.0,73.857,73.857,0.0,55.00000000000001,192.0282,False
-7.256383333333333,idle,0.0,66.982,66.982,0.0,55.00000000000001,174.1532,False
-5.0754166666666665,idle,0.0,46.85,46.85,0.0,55.00000000000001,121.81,False
-4.440258333333333,idle,0.0,40.987,40.987,0.0,55.00000000000001,106.56620000000001,False
-5.128500000000001,idle,0.0,47.34,47.34,0.0,55.00000000000001,123.08400000000002,False
-5.338991666666668,idle,0.0,49.283,49.283,0.0,55.00000000000001,128.13580000000002,False
-5.839383333333334,idle,0.0,53.902,53.902,0.0,55.00000000000001,140.14520000000002,False
-5.867320333333334,idle,0.741,55.024,54.283,0.0,55.00000000000001,141.13580000000002,False
-13.808635333333333,idle,9.711,69.64,59.929,0.0,55.00000000000001,335.6024,False
-12.330232666666664,idle,25.513,80.325,54.812,0.0,55.00000000000001,306.94719999999995,False
-8.032907333333332,idle,44.207,82.044,37.836999999999996,0.0,55.00000000000001,211.88719999999998,False
-4.461851333333334,idle,54.999,78.364,23.365000000000002,0.0,55.00000000000001,130.844,False
-1.4278360000000019,idle,69.698,81.194,11.49600000000001,0.0,55.00000000000001,64.37760000000004,False
0.6351013333333313,idle,73.576,76.53,2.9540000000000077,0.0,55.00000000000001,16.542400000000043,False
1.3028579999999998,idle,80.128,72.381,0.0,0.0,55.00000000000001,0.0,False
0.7000386666666676,idle,74.604,77.359,2.7549999999999955,0.0,55.00000000000001,15.427999999999974,False
-3.3019546666666653,idle,57.734,76.339,18.604999999999997,0.0,55.00000000000001,104.18799999999997,False
-7.096257333333332,idle,40.982,74.556,33.574,0.0,55.00000000000001,188.01439999999997,False
-10.668095333333333,idle,21.591,68.977,47.386,0.0,55.00000000000001,265.3616,False
-17.58982,idle,6.56,82.451,75.89099999999999,0.0,55.00000000000001,424.98959999999994,False
-39.58745,idle,0.0,89.295,89.295,0.0,55.00000000000001,821.5139999999999,False
-42.92131666666666,idle,0.0,96.815,96.815,0.0,55.00000000000001,890.6979999999999,False
-43.89532,idle,0.0,99.012,99.012,0.0,55.00000000000001,910.9104,False
-41.53767333333333,idle,0.0,93.694,93.694,0.0,55.00000000000001,861.9848,False
-7.703908333333334,idle,0.0,71.113,71.113,0.0,55.00000000000001,184.8938,False
-6.9989833333333324,idle,0.0,64.606,64.606,0.0,55.00000000000001,167.9756,False
-4.02155,idle,0.0,37.122,37.122,0.0,55.00000000000001,96.5172,False
-4.581741666666667,idle,0.0,42.293,42.293,0.0,55.00000000000001,109.9618,False
-4.2904333333333335,idle,0.0,39.604,39.604,0.0,55.00000000000001,102.9704,False
-4.4567250000000005,idle,0.0,41.139,41.139,0.0,55.00000000000001,106.96140000000001,False
-4.472,idle,0.0,41.28,41.28,0.0,55.00000000000001,107.328,False
-5.114419,idle,1.017,48.396,47.379,0.0,55.00000000000001,123.1854,False
-11.052665333333332,idle,15.976,64.577,48.601,0.0,55.00000000000001,272.1656,False
-6.886508666666668,idle,40.981,73.656,32.675000000000004,0.0,55.00000000000001,182.98000000000002,False
-1.3208653333333331,idle,65.776,76.511,10.735,0.0,55.00000000000001,60.11599999999999,False
1.3422059999999998,idle,86.65,74.567,0.0,0.0,55.00000000000001,0.0,False
1.308078,idle,98.014,72.671,0.0,0.0,55.00000000000001,0.0,False
1.2519719999999999,idle,101.097,69.554,0.0,0.0,55.00000000000001,0.0,False
1.1080439999999998,idle,90.688,61.558,0.0,0.0,55.00000000000001,0.0,False
1.161954,idle,76.296,64.553,0.0,0.0,55.00000000000001,0.0,False
0.8041213333333324,idle,57.416,58.399,0.9830000000000041,0.0,55.00000000000001,5.504800000000023,False
-8.379570666666664,idle,29.822,68.035,38.212999999999994,0.0,55.00000000000001,213.99279999999996,False
-12.669287333333335,idle,15.997,71.528,55.531000000000006,0.0,55.00000000000001,310.97360000000003,False
-14.589634666666667,idle,4.524,67.4,62.876000000000005,0.0,55.00000000000001,352.1056,False
-30.471186666666668,idle,0.0,68.732,68.732,0.0,55.00000000000001,632.3344,False
-39.01333333333333,idle,0.0,88.0,88.0,0.0,55.00000000000001,809.5999999999999,False
-37.92406333333333,idle,0.0,85.543,85.543,0.0,55.00000000000001,786.9956,False
-34.96880333333333,idle,0.0,78.877,78.877,0.0,55.00000000000001,725.6683999999999,False
-7.536533333333334,idle,0.0,69.568,69.568,0.0,55.00000000000001,180.8768,False
-6.002966666666667,idle,0.0,55.412,55.412,0.0,55.00000000000001,144.0712,False
-4.196291666666666,idle,0.0,38.735,38.735,0.0,55.00000000000001,100.711,False
-4.198025,idle,0.0,38.751,38.751,0.0,55.00000000000001,100.7526,False
-4.538083333333334,idle,0.0,41.89,41.89,0.0,55.00000000000001,108.914,False
-4.402883333333334,idle,0.0,40.642,40.642,0.0,55.00000000000001,105.66920000000002,False
-4.3425416666666665,idle,0.0,40.085,40.085,0.0,55.00000000000001,104.221,False
-5.053661000000001,idle,0.998,47.813,46.815000000000005,0.0,55.00000000000001,121.71900000000002,False
-9.817521333333335,idle,15.684,58.969,43.285000000000004,0.0,55.00000000000001,242.39600000000002,False
-6.198735999999999,idle,38.448,67.98,29.532000000000004,0.0,55.00000000000001,165.3792,False
-0.7385693333333321,idle,62.348,70.323,7.974999999999994,0.0,55.00000000000001,44.65999999999997,False
1.400526,idle,83.254,77.807,0.0,0.0,55.00000000000001,0.0,False
1.07433,idle,96.826,59.685,0.0,0.0,55.00000000000001,0.0,False
1.1481299999999999,idle,101.401,63.785,0.0,0.0,55.00000000000001,0.0,False
1.1240459999999999,idle,101.777,62.447,0.0,0.0,55.00000000000001,0.0,False
1.183842,idle,91.532,65.769,0.0,0.0,55.00000000000001,0.0,False
1.2142439999999999,idle,67.94,67.458,0.0,0.0,55.00000000000001,0.0,False
-5.406497333333332,idle,42.652,69.113,26.461,0.0,55.00000000000001,148.18159999999997,False
-8.817759333333331,idle,23.393,62.988,39.595,0.0,55.00000000000001,221.73199999999997,False
-14.794116666666667,idle,6.075,69.947,63.872,0.0,55.00000000000001,357.6832,False
-33.863573333333335,idle,0.0,76.384,76.384,0.0,55.00000000000001,702.7328,False
-34.996289999999995,idle,0.0,78.939,78.939,0.0,55.00000000000001,726.2387999999999,False
-41.78062,idle,0.0,94.242,94.242,0.0,55.00000000000001,867.0264,False
-33.49738,idle,0.0,75.558,75.558,0.0,55.00000000000001,695.1336,False
-7.426033333333334,idle,0.0,68.548,68.548,0.0,55.00000000000001,178.22480000000002,False
-6.008816666666667,idle,0.0,55.466,55.466,0.0,55.00000000000001,144.2116,False
-5.0089,idle,0.0,46.236,46.236,0.0,55.00000000000001,120.2136,False
-4.785841666666667,idle,0.0,44.177,44.177,0.0,55.00000000000001,114.8602,False
-5.347983333333333,idle,0.0,49.366,49.366,0.0,55.00000000000001,128.3516,False
-4.533316666666667,idle,0.0,41.846,41.846,0.0,55.00000000000001,108.7996,False
-5.333466666666666,idle,0.0,49.232,49.232,0.0,55.00000000000001,128.0032,False
-5.646423,idle,0.964,53.245,52.281,0.0,55.00000000000001,135.9306,False
-11.216088,idle,14.234,63.401,49.167,0.0,55.00000000000001,275.3352,False
-9.31736133333333,idle,37.054,79.844,42.78999999999999,0.0,55.00000000000001,239.62399999999994,False
-5.770130666666666,idle,59.952,89.306,29.354,0.0,55.00000000000001,164.3824,False
-0.5283613333333328,idle,75.154,83.216,8.061999999999998,0.0,55.00000000000001,45.147199999999984,False
1.485504,idle,89.949,82.528,0.0,0.0,55.00000000000001,0.0,False
1.3722659999999998,idle,92.419,76.237,0.0,0.0,55.00000000000001,0.0,False
1.3031099999999998,idle,87.533,72.395,0.0,0.0,55.00000000000001,0.0,False
1.3615739999999998,idle,78.969,75.643,0.0,0.0,55.00000000000001,0.0,False
