timestamp,solar_kw,wind_kw,load_kw,tariff_inr_kwh,battery_soc_pct,battery_power_kw,grid_kw
2025-12-25 05:30:00,0.0,0.0,56.358,2.6,29.644,-18.0,74.358
2025-12-25 06:30:00,4.45,0.0,59.087,5.6,29.644,0.0,54.637
2025-12-25 07:30:00,25.264,0.021,67.792,5.6,29.644,0.0,42.507
2025-12-25 08:30:00,45.306,0.004,83.597,5.6,29.644,0.0,38.287
2025-12-25 09:30:00,56.513,0.006,75.83,5.6,29.644,0.0,19.311
2025-12-25 10:30:00,63.864,0.002,66.662,5.6,29.644,0.0,2.796
2025-12-25 11:30:00,81.267,0.003,64.179,5.6,38.8,-17.091,0.0
2025-12-25 12:30:00,71.629,0.014,59.992,5.6,45.042,-11.651,0.0
2025-12-25 13:30:00,63.655,0.05,60.712,5.6,45.042,0.0,0.0
2025-12-25 14:30:00,41.713,0.099,71.247,5.6,45.042,0.0,29.435
2025-12-25 15:30:00,25.178,0.132,59.108,5.6,45.042,0.0,33.798
2025-12-25 16:30:00,9.324,0.015,58.976,5.6,45.042,0.0,49.637
2025-12-25 17:30:00,0.368,0.0,74.601,5.6,45.042,0.0,74.233
2025-12-25 18:30:00,0.0,0.0,78.636,9.2,20.0,43.47,35.166
2025-12-25 19:30:00,0.0,0.0,91.032,9.2,20.0,0.0,91.032
2025-12-25 20:30:00,0.0,0.0,95.297,9.2,20.0,0.0,95.297
2025-12-25 21:30:00,0.0,0.0,79.323,9.2,20.0,0.0,79.323
2025-12-25 22:30:00,0.0,0.0,88.917,2.6,20.0,0.0,88.917
2025-12-25 23:30:00,0.0,0.0,55.578,2.6,20.0,0.0,55.578
2025-12-26 00:30:00,0.0,0.0,49.558,2.6,29.644,-18.0,67.558
2025-12-26 01:30:00,0.0,0.0,40.654,2.6,39.287,-18.0,58.654
2025-12-26 02:30:00,0.0,0.0,49.349,2.6,48.931,-18.0,67.349
2025-12-26 03:30:00,0.0,0.0,50.658,2.6,58.575,-18.0,68.658
2025-12-26 04:30:00,0.0,0.0,44.768,2.6,68.218,-18.0,62.768
2025-12-26 05:30:00,0.0,0.0,51.036,2.6,77.862,-18.0,69.036
2025-12-26 06:30:00,4.992,0.0,59.906,5.6,77.862,0.0,54.914
2025-12-26 07:30:00,24.139,0.059,76.289,5.6,77.862,0.0,52.091
2025-12-26 08:30:00,45.622,0.12,78.464,5.6,77.862,0.0,32.722
2025-12-26 09:30:00,59.453,0.114,77.684,5.6,77.862,0.0,18.117
2025-12-26 10:30:00,72.186,0.106,68.067,5.6,77.862,0.0,0.0
2025-12-26 11:30:00,69.348,0.129,64.563,5.6,77.862,0.0,0.0
2025-12-26 12:30:00,67.256,0.141,63.075,5.6,77.862,0.0,0.0
2025-12-26 13:30:00,62.686,0.135,59.56,5.6,77.862,0.0,0.0
2025-12-26 14:30:00,47.973,0.141,68.443,5.6,77.862,0.0,20.329
2025-12-26 15:30:00,27.411,0.101,61.853,5.6,77.862,0.0,34.341
2025-12-26 16:30:00,11.049,0.0,67.615,5.6,77.862,0.0,56.566
2025-12-26 17:30:00,0.476,0.0,65.18,5.6,77.862,0.0,64.704
2025-12-26 18:30:00,0.0,0.0,81.605,9.2,44.449,58.0,23.605
2025-12-26 19:30:00,0.0,0.0,92.766,9.2,20.0,42.44,50.326
2025-12-26 20:30:00,0.0,0.0,92.884,9.2,20.0,0.0,92.884
2025-12-26 21:30:00,0.0,0.0,87.914,9.2,20.0,0.0,87.914
2025-12-26 22:30:00,0.0,0.0,67.196,2.6,20.0,0.0,67.196
2025-12-26 23:30:00,0.0,0.0,57.662,2.6,20.0,0.0,57.662
2025-12-27 00:30:00,0.0,0.0,30.935,2.6,29.644,-18.0,48.935
2025-12-27 01:30:00,0.0,0.0,37.23,2.6,39.287,-18.0,55.23
2025-12-27 02:30:00,0.0,0.0,34.381,2.6,48.931,-18.0,52.381
2025-12-27 03:30:00,0.0,0.0,37.597,2.6,58.575,-18.0,55.597
2025-12-27 04:30:00,0.0,0.0,44.421,2.6,68.218,-18.0,62.421
2025-12-27 05:30:00,0.0,0.0,50.312,2.6,77.862,-18.0,68.312
2025-12-27 06:30:00,4.874,0.0,48.311,5.6,77.862,0.0,43.437
2025-12-27 07:30:00,28.032,0.006,66.511,5.6,77.862,0.0,38.473
2025-12-27 08:30:00,49.754,0.001,73.393,5.6,77.862,0.0,23.638
2025-12-27 09:30:00,68.632,0.001,67.857,5.6,77.862,0.0,0.0
2025-12-27 10:30:00,82.806,0.003,65.094,5.6,87.353,-17.715,0.0
2025-12-27 11:30:00,87.806,0.007,53.909,5.6,90.0,-4.941,0.0
2025-12-27 12:30:00,85.125,0.017,52.053,5.6,90.0,0.0,0.0
2025-12-27 13:30:00,72.625,0.046,52.467,5.6,90.0,0.0,0.0
2025-12-27 14:30:00,52.385,0.089,57.27,5.6,90.0,0.0,4.796
2025-12-27 15:30:00,32.414,0.078,54.718,5.6,90.0,0.0,22.226
2025-12-27 16:30:00,12.754,0.0,53.823,5.6,90.0,0.0,41.069
2025-12-27 17:30:00,0.545,0.0,58.601,5.6,90.0,0.0,58.056
2025-12-27 18:30:00,0.0,0.0,69.477,9.2,56.587,58.0,11.477
2025-12-27 19:30:00,0.0,0.0,75.364,9.2,23.174,58.0,17.364
2025-12-27 20:30:00,0.0,0.0,83.501,9.2,20.0,5.51,77.991
2025-12-27 21:30:00,0.0,0.0,78.663,9.2,20.0,0.0,78.663
2025-12-27 22:30:00,0.0,0.0,65.305,2.6,20.0,0.0,65.305
2025-12-27 23:30:00,0.0,0.0,60.339,2.6,20.0,0.0,60.339
2025-12-28 00:30:00,0.0,0.0,38.777,2.6,29.644,-18.0,56.777
2025-12-28 01:30:00,0.0,0.0,43.871,2.6,39.287,-18.0,61.871
2025-12-28 02:30:00,0.0,0.0,39.07,2.6,48.931,-18.0,57.07
2025-12-28 03:30:00,0.0,0.0,38.104,2.6,58.575,-18.0,56.104
2025-12-28 04:30:00,0.0,0.0,41.207,2.6,68.218,-18.0,59.207
2025-12-28 05:30:00,0.0,0.0,45.949,2.6,77.862,-18.0,63.949
2025-12-28 06:30:00,4.779,0.0,53.107,5.6,77.862,0.0,48.328
2025-12-28 07:30:00,27.793,0.0,58.514,5.6,77.862,0.0,30.721
2025-12-28 08:30:00,49.574,0.0,65.068,5.6,77.862,0.0,15.494
2025-12-28 09:30:00,70.464,0.0,70.687,5.6,77.862,0.0,0.223
2025-12-28 10:30:00,83.316,0.001,63.261,5.6,88.607,-20.056,0.0
2025-12-28 11:30:00,88.511,0.006,61.587,5.6,90.0,-2.6,0.0
2025-12-28 12:30:00,86.137,0.022,52.477,5.6,90.0,0.0,0.0
2025-12-28 13:30:00,74.769,0.053,52.55,5.6,90.0,0.0,0.0
2025-12-28 14:30:00,57.205,0.074,50.749,5.6,90.0,0.0,0.0
2025-12-28 15:30:00,35.084,0.052,58.754,5.6,90.0,0.0,23.618
2025-12-28 16:30:00,12.84,0.0,53.206,5.6,90.0,0.0,40.366
2025-12-28 17:30:00,0.537,0.0,60.866,5.6,90.0,0.0,60.329
2025-12-28 18:30:00,0.0,0.0,70.521,9.2,56.587,58.0,12.521
2025-12-28 19:30:00,0.0,0.0,72.63,9.2,23.174,58.0,14.63
2025-12-28 20:30:00,0.0,0.0,83.409,9.2,20.0,5.51,77.899
2025-12-28 21:30:00,0.0,0.0,77.566,9.2,20.0,0.0,77.566
2025-12-28 22:30:00,0.0,0.0,62.437,2.6,20.0,0.0,62.437
2025-12-28 23:30:00,0.0,0.0,49.388,2.6,20.0,0.0,49.388
2025-12-29 00:30:00,0.0,0.0,41.752,2.6,29.644,-18.0,59.752
2025-12-29 01:30:00,0.0,0.0,47.457,2.6,39.287,-18.0,65.457
2025-12-29 02:30:00,0.0,0.0,43.364,2.6,48.931,-18.0,61.364
2025-12-29 03:30:00,0.0,0.0,43.848,2.6,58.575,-18.0,61.848
2025-12-29 04:30:00,0.0,0.0,43.511,2.6,68.218,-18.0,61.511
2025-12-29 05:30:00,0.0,0.0,41.481,2.6,77.862,-18.0,59.481
2025-12-29 06:30:00,3.311,0.0,64.689,5.6,77.862,0.0,61.378
2025-12-29 07:30:00,18.357,0.0,71.288,5.6,77.862,0.0,52.931
2025-12-29 08:30:00,41.741,0.015,74.772,5.6,77.862,0.0,33.016
2025-12-29 09:30:00,70.114,0.031,83.205,5.6,77.862,0.0,13.06
2025-12-29 10:30:00,82.99,0.057,70.108,5.6,84.794,-12.939,0.0
2025-12-29 11:30:00,78.166,0.068,62.189,5.6,90.0,-9.717,0.0
2025-12-29 12:30:00,72.896,0.07,64.759,5.6,90.0,0.0,0.0
2025-12-29 13:30:00,63.874,0.12,62.937,5.6,90.0,0.0,0.0
2025-12-29 14:30:00,47.365,0.206,63.459,5.6,90.0,0.0,15.888
2025-12-29 15:30:00,30.786,0.206,60.436,5.6,90.0,0.0,29.444
2025-12-29 16:30:00,10.41,0.025,66.447,5.6,90.0,0.0,56.012
2025-12-29 17:30:00,0.482,0.0,72.951,5.6,90.0,0.0,72.469
2025-12-29 18:30:00,0.0,0.004,77.279,9.2,56.587,58.0,19.275
2025-12-29 19:30:00,0.0,0.003,82.845,9.2,23.174,58.0,24.842
2025-12-29 20:30:00,0.0,0.0,96.127,9.2,20.0,5.51,90.617
2025-12-29 21:30:00,0.0,0.0,87.398,9.2,20.0,0.0,87.398
2025-12-29 22:30:00,0.0,0.0,73.866,2.6,20.0,0.0,73.866
2025-12-29 23:30:00,0.0,0.0,57.757,2.6,20.0,0.0,57.757
2025-12-30 00:30:00,0.0,0.0,46.311,2.6,29.644,-18.0,64.311
2025-12-30 01:30:00,0.0,0.0,41.155,2.6,39.287,-18.0,59.155
2025-12-30 02:30:00,0.0,0.0,43.215,2.6,48.931,-18.0,61.215
2025-12-30 03:30:00,0.0,0.0,40.88,2.6,58.575,-18.0,58.88
2025-12-30 04:30:00,0.0,0.0,50.533,2.6,68.218,-18.0,68.533
2025-12-30 05:30:00,0.0,0.0,51.538,2.6,77.862,-18.0,69.538
2025-12-30 06:30:00,3.907,0.0,62.426,5.6,77.862,0.0,58.519
2025-12-30 07:30:00,23.758,0.02,73.252,5.6,77.862,0.0,49.474
2025-12-30 08:30:00,43.119,0.006,77.001,5.6,77.862,0.0,33.876
2025-12-30 09:30:00,61.297,0.004,78.697,5.6,77.862,0.0,17.396
2025-12-30 10:30:00,71.892,0.0,74.373,5.6,77.862,0.0,2.481
2025-12-30 11:30:00,83.993,0.0,66.339,5.6,87.32,-17.654,0.0
2025-12-30 12:30:00,81.745,0.0,55.163,5.6,90.0,-5.002,0.0
2025-12-30 13:30:00,75.87,0.0,62.033,5.6,90.0,0.0,0.0
2025-12-30 14:30:00,58.587,0.0,62.783,5.6,90.0,0.0,4.196
2025-12-30 15:30:00,34.22,0.0,66.914,5.6,90.0,0.0,32.694
2025-12-30 16:30:00,11.394,0.0,62.088,5.6,90.0,0.0,50.694
2025-12-30 17:30:00,0.514,0.0,66.883,5.6,90.0,0.0,66.369
2025-12-30 18:30:00,0.0,0.0,83.188,9.2,56.587,58.0,25.188
2025-12-30 19:30:00,0.0,0.001,90.185,9.2,23.174,58.0,32.184
2025-12-30 20:30:00,0.0,0.0,91.171,9.2,20.0,5.51,85.661
2025-12-30 21:30:00,0.0,0.0,84.817,9.2,20.0,0.0,84.817
2025-12-30 22:30:00,0.0,0.0,66.404,2.6,20.0,0.0,66.404
2025-12-30 23:30:00,0.0,0.0,58.335,2.6,20.0,0.0,58.335
2025-12-31 00:30:00,0.0,0.0,41.878,2.6,29.644,-18.0,59.878
2025-12-31 01:30:00,0.0,0.0,45.306,2.6,39.287,-18.0,63.306
2025-12-31 02:30:00,0.0,0.0,43.151,2.6,48.931,-18.0,61.151
2025-12-31 03:30:00,0.0,0.0,44.669,2.6,58.575,-18.0,62.669
2025-12-31 04:30:00,0.0,0.0,44.888,2.6,68.218,-18.0,62.888
2025-12-31 05:30:00,0.0,0.0,50.811,2.6,77.862,-18.0,68.811
2025-12-31 06:30:00,3.154,0.0,57.533,5.6,77.862,0.0,54.379
2025-12-31 07:30:00,18.289,0.004,75.461,5.6,77.862,0.0,57.168
2025-12-31 08:30:00,38.719,0.001,77.69,5.6,77.862,0.0,38.97
2025-12-31 09:30:00,60.904,0.0,88.081,5.6,77.862,0.0,27.177
2025-12-31 10:30:00,68.561,0.0,63.021,5.6,80.83,-5.54,0.0
2025-12-31 11:30:00,62.453,0.0,66.542,5.6,80.83,0.0,4.089
2025-12-31 12:30:00,41.228,0.0,62.045,5.6,80.83,0.0,20.817
2025-12-31 13:30:00,40.283,0.0,63.121,5.6,80.83,0.0,22.838
2025-12-31 14:30:00,32.159,0.003,63.471,5.6,80.83,0.0,31.309
2025-12-31 15:30:00,19.602,0.027,64.272,5.6,80.83,0.0,44.643
2025-12-31 16:30:00,8.02,0.037,69.367,5.6,80.83,0.0,61.31
2025-12-31 17:30:00,0.429,0.001,71.909,5.6,80.83,0.0,71.479
2025-12-31 18:30:00,0.0,0.002,81.442,9.2,47.417,58.0,23.44
2025-12-31 19:30:00,0.0,0.0,88.451,9.2,20.0,47.592,40.859
2025-12-31 20:30:00,0.0,0.0,88.088,9.2,20.0,0.0,88.088
2025-12-31 21:30:00,0.0,0.0,87.344,9.2,20.0,0.0,87.344
2025-12-31 22:30:00,0.0,0.0,73.122,2.6,20.0,0.0,73.122
2025-12-31 23:30:00,0.0,0.0,61.483,2.6,20.0,0.0,61.483
2026-01-01 00:30:00,0.0,0.0,48.845,2.6,20.0,0.0,48.845
2026-01-01 01:30:00,0.0,0.0,39.278,2.6,20.0,0.0,39.278
2026-01-01 02:30:00,0.0,0.0,41.636,2.6,20.0,0.0,41.636
2026-01-01 03:30:00,0.0,0.0,46.794,2.6,20.0,0.0,46.794
2026-01-01 04:30:00,0.0,0.0,46.417,2.6,20.0,0.0,46.417
